{
  "胱抑素C": {
    "type": "continuous",
    "min": 0.49,
    "max": 9.66,
    "mean": 1.1591733977774341,
    "std": 0.4724454518137113
  },
  "手术时长": {
    "type": "continuous",
    "min": 0.0,
    "max": 5940.0,
    "mean": 163.75215439629054,
    "std": 119.99268772244801
  },
  "eGFR": {
    "type": "continuous",
    "min": 3.582115348,
    "max": 750.3115144,
    "mean": 116.60160434799229,
    "std": 51.98422874885006
  },
  "尿酸": {
    "type": "continuous",
    "min": 6.07,
    "max": 941.0,
    "mean": 252.82215336325163,
    "std": 138.56151934659275
  },
  "总胆红素": {
    "type": "continuous",
    "min": 1.2,
    "max": 601.6,
    "mean": 18.338159762714263,
    "std": 37.03780594466666
  },
  "胰岛素": {
    "type": "continuous",
    "min": 0.0,
    "max": 1.0,
    "mean": 0.19092007109924242,
    "std": 0.3733916908630872
  },
  "血红蛋白量": {
    "type": "continuous",
    "min": 28.0,
    "max": 211.0,
    "mean": 122.72875877705515,
    "std": 19.457396721039284
  },
  "尿素": {
    "type": "continuous",
    "min": 0.4,
    "max": 53.4,
    "mean": 6.458960152765655,
    "std": 3.0282744417809324
  },
  "是否使用胶体": {
    "type": "continuous",
    "min": 0.0,
    "max": 1.0,
    "mean": 0.4359465306466357,
    "std": 0.47809992366720677
  },
  "中性粒细胞计数": {
    "type": "continuous",
    "min": 0.09,
    "max": 115.27,
    "mean": 4.792516006449632,
    "std": 2.822015350815681
  },
  "凝血酶原时间": {
    "type": "continuous",
    "min": 8.7,
    "max": 73.6,
    "mean": 11.974634325667473,
    "std": 1.4845038851384569
  },
  "ASA12": {
    "type": "continuous",
    "min": 0.0,
    "max": 1.0,
    "mean": 0.7438412322890904,
    "std": 0.4177165415054217
  }
}